PC1,PC2,PC3,PC4,PC5,PC6,PC7,PC8,PC9,PC10,PC11,PC12,y
-4.555954377625161,3.517907229150458,-1.2083544063797533,-0.3115232273953109,-0.2763923814238298,0.6890300813722262,0.6606406628750336,-0.7867615583696987,-1.3608653881440014,-1.3764429276709529,-0.009804676842775055,-0.21833782526565323,-0.47
-0.07049749570439331,-0.4244822496437516,-2.8634383270810084,0.35102200653748455,-1.5209397110623164,1.8206483287729525,0.13791732655186756,0.002891427198033669,-0.7358669467364412,0.5357914298962554,-0.7704818785407386,0.8740971827433512,0.99
0.15123298558904855,0.8650058551427485,0.717593741558062,0.43101187162877336,1.2045014132745704,-1.509429422675157,-1.3283813851692476,0.18285206418043462,0.28489062942717236,0.020265059498716296,-1.0939256933293544,-0.7819875871014452,1.36
0.3895681067167828,-0.1449330125886842,-0.2036690640673798,1.037786930552332,0.6612260770821041,-0.4587328348317335,1.0103594632552713,-1.705504258902972,-0.5060894476467249,0.8900645615660032,-0.6219975362688546,-0.2993948199793841,1.43
-2.5206399742881165,-1.069674145085231,0.16719724076638434,0.31680686525674967,0.6469907427242172,0.29692821409502096,0.13847349620634003,0.8724157709455441,-0.2770187435396542,0.4778277290719912,0.008225409293172574,1.4190153273168906,1.03
1.4316955052832436,1.0922864620923163,-2.372347960451859,0.5952983623802441,0.3283482273059724,0.5391317576052017,2.6461884789610934,-0.4813680091798016,-0.15908658617413318,1.3326717566041393,-0.34310857483857204,0.006776428302686106,1.02
-3.563776206713884,1.157897263957262,-0.5866324344029631,1.3018892382925416,-0.8449258625511957,0.9343342145046043,0.447945004547178,0.01006847699653015,0.7755068786345388,-0.17581426341734152,1.6871821831781033,0.2637386817098449,1.43
3.5832339821910684,1.5443087675371208,1.3231385461402514,0.4419064386549549,0.5238766051691701,-1.4375128068020213,-0.27556745917583836,-0.6837241207971105,0.12241303085815236,-1.7346653123089253,-0.23412532568214228,-0.15435359555439326,0.75
0.13711152508911922,-0.8766204006552013,2.3246865906664,-0.6469367839424931,-1.2661608725558282,-0.6649141141977564,-0.6031379106342808,2.1031614231817253,0.2160335206917569,-0.19934724044226293,-0.22923611091073365,0.28047168827632174,1.29
1.3522210980371252,1.5708130225653676,-2.2913845843407965,0.7506759685674222,3.7510530374430098,0.6977359923737277,-0.8897606281022251,-0.16202487680224004,1.0818138222910407,-2.3190525729644134,-0.4156860323852487,-1.583807901636685,1.85
1.9121070647438814,-0.27929003741035374,0.24329352252378875,0.16952280191130972,-0.33015526593517247,1.5918616982473917,0.5487484792675819,0.8450483345211841,-0.9166639026292801,0.9944465259959273,-0.1474184042887383,0.12997180661727467,1.49
4.802970034007096,-1.6008819229140605,-0.45499887093834085,0.33304138669679423,-0.7086817270814193,0.1685333165882191,0.009553388768841717,-1.290791508642649,-0.35341412374673453,1.227980919345186,-0.24824967184057045,-0.25731434834231065,2.1
0.29917487194412296,0.7970803275924171,-1.8281770100636667,-0.5425600465052426,0.2804587666610576,0.12044548139424738,0.036473808909520025,0.19246852753356944,1.6529358150499447,-0.2243497180939118,0.9424204772253121,-0.06893945797602527,1.3
-0.7727276865010767,-1.6379906432891527,1.624517051877356,1.4288319625766375,-0.1459729359237334,-0.4203819677986039,0.8453341540798188,-0.7709869801522993,1.245922097676083,-0.8141835578793136,0.10352083450524742,0.10476046507773377,2.09
0.5137811501666382,-0.577686663750672,0.14030182691820298,0.10482006424444754,-2.84054866658887,0.031715547098836665,-0.5293495285161984,0.8053574533869295,-0.8353606697243089,-0.5066310274898006,0.3571364489416022,0.3695423758378689,1.79
0.6409966850666352,-0.3680301740452924,-1.7380949999794544,0.0026913683072134565,-2.026277771219512,-1.1911633343833123,-0.03345296691786346,0.8944656273599898,0.18314525866749456,-0.028405295236116068,1.1947848760470074,0.16891853879655902,2.03
2.469565515938546,-1.899853318696033,0.0359465045732158,1.4458527854505567,-1.2786725920558255,0.12837955759213346,0.15335503285299226,-0.9265511973601551,0.04094263815139228,0.3263259305986036,-1.0121381800904186,-0.14382980161586642,1.94
-1.429555885711661,2.4870050671483126,1.0169211304944197,0.2232163867879756,0.7826452655766652,0.04082228987808517,-1.4706213593935729,1.7203129036618243,-0.2811614538429633,1.4931354266832495,-0.44781399891350065,-0.530114150043274,0.36
-0.04475719920503734,-0.02282535289335588,-0.26551825878121715,-0.46181727195394556,0.11306577201717712,-0.04335880606841796,-0.5809831219510111,-0.7346986789943368,-0.7000805856754216,0.6323355761822964,-0.5183237118614991,0.18868301479644545,0.76
-0.24629952576362385,0.096911984260608,-0.6029352963130801,-0.5077616238703216,0.2614980241506111,-2.330757322910238,-0.037014622409035774,1.177806935275171,0.022895704069201016,-0.5175747052650385,-1.2225243547517193,-0.6552167409224963,1.37
1.1453854221576696,3.725154514640041,-2.1804073841242344,-0.7342810842306805,0.7405217035572246,1.497443282803392,-1.459107628431877,1.4533386991116386,1.673813773650236,-0.5865820405638857,-0.4723429640080086,-0.5270827180057109,0.63
0.30218270966420785,-0.5352931219007773,2.9068121741808133,-0.05621137277538011,0.5500420642535627,1.4174118419415307,0.942819380181095,0.15512239721204338,1.0646089835012464,1.3094878436566684,-1.0488039470088029,-0.9680832743858966,1.53
-0.31443630999677125,1.070371921801674,4.184826017859838,-0.833195645599594,-0.43235710710731656,0.7397783340453813,0.06872529713795306,1.1935517926020802,-0.39252682067689737,1.0454068928571207,0.9428222462171278,-0.7100197232172183,1.47
0.31576112581896193,-0.21728777897536325,-1.1415578935837218,-0.05612762293918207,0.7759823617968612,-0.7434519097187009,-0.10809907579234518,0.6883914645160248,-0.0737573975541054,0.09161513030173778,-0.6780940383375892,0.43503058880633744,0.99
0.513321591013529,-0.4838435336217452,0.13171736133985726,-0.9829917170229361,1.1149546199181326,1.9874774119540641,-2.0405886591996407,-0.6788896387765202,0.3257159935465178,0.23691885585713013,-0.3018405325456624,0.20143632344864174,0.79
-2.054798370008867,0.17012921467934397,0.29868341428796685,-0.09621301057791067,-0.6630503074448549,-0.057789645321485096,-0.5740325395081903,0.03929470726026791,0.4703477430272062,-0.5677507016487862,-0.3930256810181501,-0.19406285037285323,0.92
0.0721327748136468,-0.9293041987394106,-1.4078795108417543,2.5584067309420795,-0.8101161145083527,2.610084027510458,-0.7907850750556202,-0.051898914597590495,-1.2156585530535016,0.5051201349513021,0.6232437480912486,0.2903925761099286,1.95
-4.081439735946944,1.9352794789954306,0.7098856266300039,-0.4637114402078938,1.1843765900705838,-0.8263039629729979,0.042485279586460485,-0.6795464914172042,0.42912810612718033,-0.3062669046850688,-0.1588719266072039,0.7440210332317867,0.14
-1.9194684313016763,-2.87932828950059,0.8894656879611356,-0.8000257836457885,1.5485086838462472,0.7444040665399496,0.89853160578711,0.16294389803111206,-0.5767457704144267,1.0469211320193235,-1.0981143710759114,-0.14845980216591267,1.54
-2.223605050941185,-0.9776392004429639,1.3214957403266956,2.6202579814741846,2.0644323471405603,0.8299457476366444,-1.0282123524462574,-0.19198809240561923,-0.7655195549323842,-0.6160364883214371,0.2177391978720636,0.29803963139864903,1.84
3.2234350264565346,1.5823137922100177,0.666572067585479,1.5670246694134866,-0.09749689988496776,-0.5303946636669225,-1.120435620922608,0.4963379249764758,-1.1126431424923784,-1.3858659522149464,0.6397569725506396,-0.7425101003427632,1.93
-0.3858894943891334,-1.9403013852821738,-2.6701108146921406,0.16997964196879,-0.296385097073631,0.27684216813338114,0.6218706144907579,1.3607417343796724,-0.3585119744425948,0.8875411547461445,0.8140659163620131,-0.07445800838933009,1.93
0.6302124182895795,1.052921884371599,-0.42117773684966403,-2.0252344837048764,0.5161822228215227,1.1437194968180027,1.7545617163420824,-0.8261939554745881,0.5380873918759316,0.527817489042565,1.6172568731924886,-0.33554247968156403,0.84
-2.0721218802795005,-3.283905651758971,-2.48471492819266,-0.6365283848920072,1.3343184261429215,-0.45002188397943205,0.0024847056362838076,-1.2231194116503656,0.005856299701401494,-0.36178684096264396,0.741586264813829,-0.13353719903300518,1.97
2.544133003788887,-0.5262234133008797,2.737791256969196,0.678087989923106,-1.2154055448583183,0.1865870376886484,-1.1308988868841525,1.3651678212371408,0.8733847104598244,-0.518112468761575,-0.7508182214163954,0.520872038708238,2.11
-0.10818915703422545,1.4350762065411904,0.33485073858026504,-2.6746702623011473,-0.2643273088550427,-1.6067556369093594,1.8457760599330437,-0.871629649978971,0.3475530765114021,-0.2800672863611202,-1.5554397062061227,-0.07588300337359778,0.03
-2.445852996419905,-0.6735980228303244,-0.4551405713457343,-0.3596825206674291,-0.6377387156716344,0.6724594104124942,1.860303662584728,0.46095102346927846,-1.4122630240734233,-1.267297209934,-1.0814460871293932,-0.5016723119393836,0.4
1.2252527673458642,-1.849060956856062,2.1485964175543177,-0.13366269535274392,1.5230667099738544,1.2546740527364246,1.1769672919876213,-0.0936958981399352,1.1113704330945273,-0.04070546425076866,-0.5455548806479966,-0.35978119463190295,1.83
0.7076811581087747,-0.10984157242334162,-0.4774044592392515,1.0299626586058843,-0.757152840262433,0.020849101364927413,-0.06044759145706539,0.22244818710337264,-0.01034756938653434,1.1385988586438465,-0.46186644282938877,-0.4883754836618509,1.42
0.5431942291497558,-2.0773220768285916,0.007603714500318763,1.9025448045912021,0.8486385496237364,-0.04363735842204048,-0.6662492124853949,0.4898465996731459,1.0475218840939966,-0.8948692168067286,0.24335901699179185,0.7052406841177835,3.05
-1.1480771087647326,0.12893055787056837,-0.49160442920520386,1.242154327324555,0.7942647576321247,0.6332170279846633,-0.6685178654597579,-0.4465668759639362,-0.2548886557742047,-0.2558122853079957,-0.578506492976051,-0.8948313578644617,1.3
2.1899830344352935,0.13329591095460763,1.2669411219578932,-1.1045236247900911,-1.9848636884573263,0.28316074620530096,-1.463337787253674,-0.42301950296225155,0.8743191046458011,-0.7143257330003765,0.5209900641712306,0.4774276231712092,1.51
-1.127173489216046,-2.0388458129746434,-0.94848848621722,-2.1361313577099743,0.2774610294960615,0.3034707268239319,1.0286150446236288,0.613437296113296,1.8271371779852763,0.5999749707639502,-0.7419650166793906,-0.15174503165103204,1.16
-1.0372131547665713,-0.7796804125412653,0.8394392220621547,-0.5907687829045627,1.1839987286705362,0.6042595612754446,-1.441852847981805,-0.0960044544649367,0.7791514212576893,0.8735805219704488,0.5302707899906265,1.0592121198913458,1.02
1.1273241809169323,0.3588670060233165,0.024406407525947884,1.6141896268120106,-0.843084642499417,-0.6584307459145655,2.9277425933482375,0.976886154082864,-0.06491217048945103,-0.10294512852006191,0.8018780201471231,-0.49060923414215174,2.63
-1.8163017270842194,-0.4642002776906726,-1.1835691266367419,0.37918192198504275,1.2968034887420867,1.4376211613984833,0.6454759774109841,0.5487099457369262,0.6261065798393645,1.1431102912883038,0.25388643658216586,-0.20345640639991203,1.78
1.8914416938899077,-1.6307750492191981,0.8042162387480196,-1.2899502579387834,-0.00873491422315418,0.358236901391541,0.31208391525990226,-0.46168020006615845,1.071098980135774,-0.05644318970475779,0.13629628150821446,0.25773207911657775,1.32
2.1665496237361266,3.293963229051611,-0.6157153286480139,1.1320172158993904,-0.10157117926741571,-0.39249946740777536,-0.21907516420271764,0.33415776971468536,0.281852618920693,-1.6167744955046235,-0.01407573891306856,-0.3993343387932034,1.17
-1.786363663550261,1.5566136567285298,-0.2161288590589489,-2.219497234651938,1.2838379694692539,1.7994392402301322,0.4017334856720485,0.576970069156536,1.9330485231524588,0.24177749124606537,-0.7006922912896324,0.1867882232767417,0.34
0.5807925077657838,0.12895452678166786,-2.8802567930505405,-1.4026189389020705,0.29571938311904056,-0.5461257074504644,0.24116427572006785,-1.0871689019765705,-0.9066109968647436,-0.021317508422483703,-0.5332832534759102,0.2098478666563987,0.3
-0.0312725832313662,0.08063408371362225,0.6682672462729291,0.02126614852438774,-1.0307490302700206,1.0805920641880797,0.2762811544550368,-1.4022799829380026,0.7192190056294419,0.2672898239772776,0.5523821082166892,0.04705451304225706,1.19
-0.5616526605936157,0.924340927878474,-0.0035331314589725923,-0.28305313674801835,1.5572848946847944,0.015002366055822811,-0.1407412964330465,-1.6077343619142068,-0.25067027512934936,-0.18739121208087356,-0.7983012950521973,-0.09242746877365385,0.32
1.8189776322849447,-1.3379091171979596,-1.4886703585104926,-0.9638666161933394,-0.4431261975724661,-2.2987417660566147,-0.20731932086382873,0.37176251519430414,0.9501772121675606,-0.5402655633105021,0.10849454691115851,-0.36141305445556926,2.56
-1.2364133500735652,-0.6006385172937934,-0.2076501624383529,-0.5836710054644447,-1.8061961475593913,-2.485116455034236,-1.764446578794791,0.2061249126535072,-1.8057997382404505,-0.0036594612041769975,0.20172591718260635,0.5408398118838724,1.14
2.1633663239589,-1.2184655395934505,1.064964825817311,2.6014662834919533,-1.2589889938452838,-0.676304687984801,-1.0843408265448173,-0.42224913498922445,-0.6551274171446279,-1.0480789230358023,0.26252423632545463,-0.7914820562021748,2.82
2.2685158025572,0.6012149144872126,1.965119342497428,-0.23056190202800866,1.6007429095943395,1.6836891395492077,-1.2336077194055042,-1.3135731454286792,-1.4665203329926082,-0.8857747676959288,-0.8043767507580546,-1.0485253865365691,0.5
1.191723120819304,-1.811047955216311,1.9992269195340928,0.8664911283360505,-1.2110337301496368,-0.7202681239024471,-1.575925807906597,-0.9844706790746791,-0.14150732761592097,-0.10598326385242055,-0.20710624339305672,-0.585863553229861,2.13
-0.5584228059041908,-2.982513486285277,-0.18057715339130198,-1.2245509729199113,-0.12369653105349851,-0.23953171350180097,0.9346193999213875,0.26481670328558754,0.3327953660327878,-1.4645389892049807,0.32960872998509677,0.2117377139923181,2.44
0.8370544001510207,-0.34405665483253184,0.1266063830743469,-0.09932234336475586,-0.8049123397519724,0.498851403473749,1.7345675801417866,0.0039610752442201715,-0.41675499811545363,0.6019084936587884,-0.6481580162174367,0.4252166282833692,1.17
-0.973842307740525,-4.480585596044386,-0.7985701331076768,0.983333456249711,-0.20276465255714834,0.826042109451167,-0.4140449847527134,0.5437991086381866,0.1964409856374021,2.082013012906317,-0.03128802011627053,-0.3121641857111984,3.08
0.1510872141726208,-0.29504704601651205,1.3302474520501577,0.7225115930672812,-0.23224699989687297,-1.7112185460406,0.38540011787495443,-0.6125115359796179,0.39173454916031375,-0.09945908975049612,-0.031918523022239506,-1.0971579125305932,1.72
-0.1312387010711426,1.2030992109336478,0.34643754319829156,0.06193471747101801,0.7308739851553085,-0.28701828383252714,-1.8114946792086601,0.6270660648427157,-0.002803884103485591,0.2892502553924125,0.5161731308001258,-0.622849139068882,1.31
-2.307932618740204,1.7692552988344041,-0.49602380252747863,-1.8897917917939195,-3.0459242845566505,0.5627234593370801,1.219353997189666,1.1907468378189694,0.601406579462374,0.41782068013427404,-0.42624930085725216,-0.3467991568369828,0.49
1.2094082138580777,0.15423799251006928,0.560737887854535,0.5968395226997245,1.2583366521896246,0.4715261515214939,-0.5184549964534773,1.5522157125248888,-0.2517519273587218,-0.45447737241640923,0.673021772548052,-0.08641786439470157,1.98
0.9086111473239703,-0.04761227466358089,-0.4399902259481793,-0.44602443966679745,-1.0062992061994802,0.5070297093789423,1.1509652072146488,0.28446366610682117,-1.4349974979302775,0.09489989850491588,-1.1698259630080694,0.2135647743049268,0.56
0.6946031270181996,-1.0823556397722482,0.15084726232199383,-0.46629195142674623,-0.7649066545672908,-0.21826503129287156,0.2587663316376026,-0.6832392606473461,0.5556470698657302,-0.07234239266045556,-0.3725948562414206,-0.6240273219612064,1.42
-0.9238754198562455,0.5270894133313466,-2.0547158215307992,-0.5859288278911896,-0.4029549183370677,-1.1909104935080734,0.6794451016989805,-0.5667127203036717,-0.443848916374136,-1.0422131504889776,-0.1398650348507699,0.8706693806618232,0.62
-2.2322935216518065,-1.5464963342418416,1.071995487796661,0.11104213185550238,-1.449209060429475,1.5620011294819538,-1.2778198922493527,0.2086719652556713,-0.18536425075484317,-0.9674696191540689,0.21341913613743924,0.6036230030498531,1.56
-1.3687290672182697,-0.15180805159809665,0.5010464741571262,-0.5039937525217719,0.45870586494758725,0.0988412134446877,0.9198863202270499,1.7029083925359454,1.6353032870917692,0.31172986862981794,-0.9642152452437469,0.53379998012166,0.6
1.3687044885707664,-1.94154638971473,1.7094462123668939,1.3963680539596133,0.5319520557445673,-0.10168594967597404,-0.20734214113293828,-0.7006165842816938,0.7079243371205525,0.7409027281810955,0.005693221531841217,0.009385711495907001,2.44
-0.37465069294737957,-0.0874398511621505,0.27863444638039925,-0.3070887792276292,-0.49426833413062937,-1.0647717949062023,-0.18455049597173842,-0.5979766932649137,0.6055124113320356,0.7550815557092001,-1.3160341907502535,0.11222416218114774,0.62
0.16961695450267758,-0.5939730739473407,0.9711650395208197,-0.7946134323714487,-0.04762293623058076,0.32645082603503855,-0.8540849134310987,-1.2954961336255757,-0.7470356657891881,1.0784523719712464,-0.10654756234211857,0.43274207742517407,0.94
1.4638626244280697,0.3972369171132083,8.767957324310458e-05,-0.8708788049826911,-0.38777704146979824,-1.730320500345788,-1.710979027005332,0.701601472823717,1.3264232956380504,0.3780057911833724,-0.41895487664980163,0.5847119727868332,1.2
0.7765138787600097,-0.6542007387081973,-3.0879970961420016,0.718333484012479,-0.7312965165546174,-1.5940978713579397,-0.4420465356282445,-0.8426789957169595,0.23038580394009572,-0.1767885697446635,0.10168704839977495,0.5342176333190702,1.55
-2.9406273164747807,-1.8987001320801924,-1.1588665572780148,1.1264145893907405,-0.5236512430128735,-1.2285991661343756,-0.10462106905350661,2.2279323284040364,2.16259588447304,-0.2874337170773763,0.18279876735758452,-0.03021607352902211,2.12
2.1794788335465265,1.8684936431652832,1.8898604719563084,-0.9067578713337592,-1.9348913438378925,-0.8755209700855128,-0.7718866414414339,-1.1311106985447124,-0.15804146543340652,-0.7479090081131698,0.043261128222844086,0.3244603555889368,0.85
0.29466580028388956,0.05323114368638048,0.8491482024298072,-2.547279252041947,-0.011290584460518577,0.7885627495715481,0.3806398813717519,0.21710973670174535,-0.13900390120305114,-0.9850553179837374,0.8883617449555979,-0.7302047913361203,0.88
2.3220292396086495,-0.6931609222373113,1.5974465608989636,-0.7770838676449456,-2.1623572515168092,1.531548585514436,0.04161154204453791,0.12061206752795708,0.6305736783234976,0.2452104739982217,0.4373652580904188,-1.0114731095711598,1.94
0.3154312134091575,0.756231394653876,-1.427854454625383,-0.531911323287706,0.8621627239783601,-0.059568902048305665,-0.05556195609125766,0.24627700982723374,0.20168555553207326,0.5992229861742622,0.11315293533875867,0.41295125726154,1.12
-0.043729541335478524,0.5167682474544003,0.3561675738257151,2.2011328891296307,-1.158270237517233,-0.21024135770549565,-1.1693116508809525,-0.12388952396611387,0.3888886603975393,-1.014575250584075,0.3053730047119374,0.027590110596795198,1.9
2.161689120283505,0.22720018631654681,-2.01562049708694,-0.22416163334765385,-0.11207461819164032,-1.1236550341792497,0.515589473196103,0.9412121779613307,0.3271655806047961,1.083727216047685,0.48657284930873757,-0.7163033311341933,2.05
-0.36378476235147705,-0.7877339515481618,-0.3123700202330899,-0.7104272841240632,-0.9026048775258858,1.175364749414263,0.5743726029858434,-2.1531359772958703,-0.16033378874295467,0.30210569626515316,0.07772042174133756,-0.25583133937633207,1.37
3.2384537994667286,-0.1145959924556216,2.204175095240186,0.3063163403538988,0.26448166755772745,1.333928720266518,-0.4853180482052178,-0.9085109013581291,0.836351016619523,-0.937483926117542,-0.5290457466051744,-0.9337966513758414,1.61
1.2015784135760457,-0.6428013612303277,0.7425437500755754,0.4930488713031669,-1.7283325150579507,0.2283940919660989,-0.8487385663122963,-0.7734793631315963,0.4552367574149136,-1.082108708417318,0.7176855444342622,0.8843437426189569,1.89
-0.4180815890094991,-1.8492079395957481,1.8764780709375657,0.3815803317719024,-1.3827882919671448,-4.413487487258905,0.4773894202810501,0.6994591191535022,-0.23826164197411534,-1.2077335012977768,-0.07103757645059973,0.08878273822238339,2.1
0.3781767158250752,2.5613219960065785,0.552126796331427,1.6763779645638508,1.6687488492567986,0.5328782736324273,-0.01791702949365607,0.6114049815655513,0.9950398139009172,-0.9696123309505524,-0.18569162589783542,0.8616140764952295,1.59
-1.4008112440492964,-1.6442867500750749,0.5637146463930207,-0.8089236685009354,1.9047077343263603,0.6286375220036984,-0.16156670198726225,0.6557967255632983,-0.9603966741292741,-1.053646902932134,-0.07027077777421151,-0.6547683208685937,0.72
1.3650445257210042,0.39627746011768666,2.511183652229558,-3.224259067830573,-0.13266092410882446,-1.512840699021256,0.18496039268802061,1.0083640153548554,0.329805947079783,-0.04432415837963147,-0.5332460101371898,0.5559420549588127,0.94
-2.282292655302386,-1.2330725196382037,1.5062441101159751,-1.2775884234675887,-0.33638270758504624,-0.09013948082361091,1.7949406179191925,0.3231734428871567,0.2424222073424636,-0.26479379170564293,0.8907029255787987,-0.9317238324351608,1.95
1.6961004798884063,-2.0631302984466284,0.8193159254148109,0.5551638048148071,1.5295249405319093,-0.08271055182057085,0.20576483380913657,-1.0322519933689092,-1.1651542662295686,-0.06825188047916124,-0.09870760387990535,-0.9790169895187694,2.54
-1.2878664904550943,-1.0991365545729381,-0.967466546199309,0.3142925012361466,-1.2967237644563374,0.6063653426466565,-0.18446009694507035,-0.10673743064791782,-0.20387152309187148,1.0895201149089604,0.20051750703484486,0.03827142824199715,1.71
-1.338014602232797,-0.3508729719859709,0.8466209708859148,-0.6730298665717989,-1.0758605268009542,-2.572346500296871,-0.16403806754214345,-0.8176855035599387,1.1349442143107953,-1.0517499962615517,0.6030294916380345,-0.39363496699597333,1.5
0.3803361844207439,-0.5485975282606328,-2.6715759036437423,0.5380298729419932,0.7473165706933907,-0.1997936290891821,-0.3228997228344469,0.4820400801235438,-0.09592111931987239,-1.178364082778039,0.09706394752031589,0.574859037963618,1.36
0.8183627031874894,0.5543744904769841,1.9154661265361181,0.5535781034555186,0.788328425910928,0.3529808028843914,0.49935086054352545,-0.5330878323514332,0.6518388798998301,-0.7068139721641524,0.8201008179688511,-0.3704728592000667,1.57
2.4770692638552374,2.03377656484554,-1.4519322701602109,2.7240007817303793,1.1708703228888533,-0.9761282414594608,1.4603495573147922,-1.595535522837558,1.8513330681353966,0.17708941588272858,-0.3495054619162355,-0.15883966547005138,1.75
1.0345836183794255,2.3070950925490576,0.534020169931386,1.0021749647891744,-0.9793619906223122,0.9017185174177007,1.3478099892353528,-0.5941182443273082,0.5696628963468391,-0.6437645080203424,-0.8804821363764946,-0.23151596266369584,0.93
0.7812863097686475,1.529641846664584,0.5585761390583948,0.8419716039052474,0.4662850089562748,-2.1393719754721756,-1.6608529222781365,0.18715274318625044,0.19186241055866293,2.172378703873976,0.627774525285373,-0.4931405469320308,1.74
-0.45022097361523133,0.4443061829962013,0.8817226550771173,1.3899405591968752,-0.17074194206089324,0.7467717567878422,0.03368862450182855,0.23268967519208322,0.8534966809552281,-0.2476011767497177,0.23187527715669928,-0.8230475227024436,1.97
0.670276996728571,-0.5515709868920727,0.30899304212160217,0.8906568094295336,-0.8790623054899634,0.11752641840809316,-0.5128563506860275,0.8650268612533174,-1.4678680363716192,0.3801711191567695,0.9621777104789798,-0.19908443009347915,2.18
2.6866417881635467,-0.1315159573569645,-1.730877439270432,-0.06062468364757528,0.5643559166302338,1.1422454941738025,-1.3672864117704842,0.6036410379946417,0.7930465351957406,0.741193272504108,0.8049608862050246,-0.10673353676563756,2.27
0.005763963414873919,0.46658986496756777,-1.792156130795603,0.04255433523291781,-0.5774768309087641,-1.2176468540259195,1.006866987190977,-0.4340104564165581,-1.0725493675963125,0.3796286863848654,0.6845045061271627,-0.29154891746398853,1.36
-1.7604660866621256,-0.5616634999426137,0.7479473097514877,1.1115034134018071,1.1388306274978997,-1.458964446511154,0.09560861768303287,-0.2983692755858633,-0.04620564221303965,0.2632859052384183,0.9866209483062219,-0.23499432400330525,1.98
-0.7143842768964739,2.5279296198729106,0.8701721396201387,-1.5562717588819455,-1.7159510365893988,-1.6875041940230273,0.5655984391369779,1.6375930028836132,-1.3118673817012927,0.9154934887711628,0.48654241758805405,-0.2848163559007772,0.48
0.83428307868534,-0.2536957017735698,-0.2129566958153709,0.3724364846385751,-0.8764514855027733,-1.9566916981286773,1.088994439582529,-1.549692020857628,-0.20931497966381052,-0.9897092279343003,-0.01710205806271448,0.40847034949275735,1.4
-1.0764308959200788,-1.1111996588849515,-0.6868812409318523,1.5930498594472837,-1.0989977488391567,-0.02341793881248976,0.2904340072058989,-0.09306987181556363,1.2766700774300246,-0.4345989809711153,-0.33627541709160114,-0.6165856850063685,1.89
0.9707105392350865,2.4099754406031875,1.5266940326704102,-0.6933700796838416,2.194346382278987,-0.3568181925620123,-0.37887244140010784,0.01112465868359175,-1.329630582771514,0.7337370148613188,0.7781565592300519,-1.032290293574008,0.86
-0.366707946490431,-1.3856099368344326,-0.5251288091603615,-1.645067601384833,0.4092367412236056,0.20769728779013108,-1.476329444908705,-1.3130437053142068,-0.6918049061428378,-0.40608351225820555,0.6354174341922888,0.40719506074487655,1.61
0.3417779941829687,3.2266423050595807,-1.0050044812509709,-0.9831928625692387,0.147553589561386,0.6303252949339737,-1.0684037884798696,0.5753824280925721,2.026088204967028,-0.43143084978386526,-0.2355978351021904,-0.6820961812229273,0.93
-0.7792062443126927,-1.6483558904477724,0.535744362331894,-1.3618530553693473,0.9222879348527989,0.5535630346718671,1.0131591681047087,-0.42428671759618897,0.908613846683546,0.6508793005959177,-0.9874775241064434,0.5666842357440908,1.06
1.9005713708290335,-0.5257722773816835,-1.1510380859058922,0.8456630962478114,0.2542467317118121,-0.6496119487969152,1.2670929060567382,0.2539164688614959,-0.05311036512267748,0.5264660189952738,0.1840896707267471,-0.11816643718999845,1.65
-0.2923297035060938,0.05801179002034909,0.5136596594643718,-0.8358257791123485,-0.17583075181944632,-0.7150594395757156,0.4671036858917877,-0.09539564417591392,-0.6794027157821139,-0.5128913232526722,0.39366775423195416,0.5731345431095273,1.3
0.5840203738475506,-1.729981892213686,-0.037338452822333584,2.64684950540049,1.9661297898469055,-0.24841515699861344,0.6311742168124861,-0.1827980261512432,-0.9909592969355127,-0.9693381847236728,-0.37717219081850345,-0.26029449676778427,2.45
-0.9369543699662933,2.59176296158179,-0.08384535294694669,-0.30965789103216296,-0.6590098179633906,-0.8499286497956148,0.2134858699334778,0.7218317099783127,0.2561235750184723,1.2911191209275723,0.7258821918057125,-0.5086222840973681,1.05
-0.7196298802319276,-0.2813612757570024,0.21041212062922465,1.5325705966553087,-1.210033120889537,0.04740323533334127,0.2451677005082149,-0.4592846636283633,-1.1036171243105426,-0.2234425627843772,-0.153511671573826,0.46591467678217974,1.14
-2.4086094069386568,0.6029191390699521,-1.6962163466417786,-1.643494223533313,-0.13763009012726724,0.529914142159995,0.5860369892907755,0.2248201503425653,-1.0498637266291249,-1.2330727748426293,-0.06588443964415537,-1.1091454280402604,0.87
-2.929767722417129,1.553045793586868,-1.8201974374829577,-1.0310066647229492,-2.2970620984460535,-1.1764125150143452,-0.10546289815129703,-2.671942123098712,-0.5643382432153912,1.2664695913003563,0.04509932786139017,0.7727897722234346,0.53
2.1417727724086895,-2.217875135666149,0.40438795169387387,0.9134885347488139,-0.5181219853880012,-0.23556452123589017,0.3748084964347162,-0.07891894122970028,-0.5971112482267797,0.1690863288205147,-0.4727700569381474,-0.2562645410761275,2.16
-0.27087755435317384,-1.722851526489845,-0.11810561207985633,-0.03131816826656227,0.3495071255620466,-1.035872140285407,-0.1292251369770378,0.11069155697049225,-0.38533116551755836,0.19819333628011254,0.30605107210662696,0.1559117232227142,1.48
1.9479069021361566,1.1064907847451477,-0.8944548858034638,0.5307041651685638,0.7165789493234542,1.4591982479378973,-0.6085464758088839,-0.4566853012113819,0.2467038482918994,0.10501015133740242,-0.35906358781143666,1.846634784753705,0.65
-2.0204580977748265,-1.5743254151459658,-0.6987515936144573,-1.152559936197813,-1.165168033457052,0.8096242315029099,-0.8481559049043101,0.2625976656999675,-1.078391342033255,-0.4916170264803393,-0.30435812917571875,-0.4941451472175867,1.22
-3.1129981656510877,-0.974414523494586,1.9231504093567966,1.623380869587957,-2.3316059331068124,-1.2108567234486085,-0.9341771415460407,-0.9785539819386319,0.3323489207687607,0.09630846738215094,-0.7686057141209139,-0.19095166525252366,1.04
2.4766830187494517,0.14970337371147602,-0.9479165727203706,-1.3497299307790283,0.3125621328955508,0.4892922085252329,-1.784681232855572,0.5529295706661154,-0.7367415350784106,-0.2700357641238122,-1.8189199917588852,0.4177970678787353,0.47
-1.7326659868343763,1.538920018461566,2.1284030972134813,0.5057920701638242,-0.04720413313699036,0.5143102890842892,0.8325769124265594,0.7148471698536805,0.8334926621175918,0.186228308986822,0.5165969559263669,1.0502128476872687,1.07
0.5685770203319849,1.2079386984083296,0.9111459789853237,-0.8229627546433449,-0.6585164219407148,-0.9432391897352664,-0.37545511410326166,-1.0962778276698473,-0.8153019993225797,0.3457174030104354,0.5315525814723842,-0.24484593549868103,0.7
1.771657722575327,-0.9217638592716452,2.1829579893174493,2.0046284623607136,-1.5986591763329183,1.207921092080406,0.5655697349612501,0.3016159062173132,0.6378175897692032,0.10618847881545468,-0.4650798534275554,-1.1998817713981749,1.65
-0.1640610152611676,-0.66695002523409,3.4869387148667546,-0.7965517215783636,-0.8378963576443115,-0.46729322367529585,-1.523670069670006,-0.4144363205607206,-0.3412104784485847,0.44853124798485977,-0.49397465748885805,-1.0314070384353982,1.76
0.7181067102767967,2.28638934075031,-0.7321164140380598,0.018888282537270568,-0.5601734866836208,-0.6489381023479608,-0.2656286640029868,-0.9942467998616844,-0.30461155161073866,1.8020834575905011,-0.2607199141672554,-0.10464059383870103,0.46
-2.0492665835350334,2.4223632894645317,-1.805350856886724,2.8700824471002084,0.36161908583859875,0.8397882993412739,0.48316922708829696,-0.23221677904010704,-0.8457582248031588,-0.9800268215507957,0.3628869688542626,0.5102472135349125,1.44
0.34722872336413096,1.4686619105185803,0.13089876635571274,1.7333980818892198,0.46343571754844676,0.09794538762254189,-0.7836346085036459,0.4919253406738461,-1.463375311522143,0.8023714996641176,0.04232372144149941,-0.07288727118078044,1.22
-0.025699833173677498,1.125366881701975,-0.20246804528419646,-0.8670266049915244,0.11161957598484142,1.1182855803289793,0.29523116923295295,-0.8408700023716384,0.7950468781750748,-0.16822630370600974,0.33586603005338955,-0.49811847495532485,0.97
-1.8704947240823446,0.8005922647840396,-0.3070317085332051,2.830344118326052,1.148720734883708,-2.5010345615690928,0.7400913981193404,-0.6366620141665084,1.7436336882710382,0.03829278095978455,-0.7249991574769644,0.008809049406922407,1.62
0.12012523081347452,-2.0061575886229512,-1.2838739625442344,-2.323883138299732,0.7276787228218266,-1.9014108326014638,0.28522521210331836,0.9883386192240716,-1.4078591329399437,1.1461932951229545,0.460614378596342,0.36240471767142607,2.61
-1.3566144702269642,-0.7522345193399383,1.1175142745553321,-1.5537200917014484,-0.4114926581538179,0.08687377068536109,-0.5396794977349875,0.27531868803066606,0.29744944556271224,-0.22526278384185774,0.9788022475962113,-0.47985804931271414,1.59
-1.3678296333581985,-2.307581160794865,2.949365771324367,-1.751729036291493,-0.4968171627050285,1.4719234697872339,-0.6642655646059553,-1.073735773178438,-0.24255426424690765,2.155026853960498,-0.7253582365141469,0.5756963155412511,0.75
0.9931157725085618,0.5491352448626975,0.13805138797711153,-2.2979357829141827,1.8959055657446349,-0.19385037215343126,-0.32618460530113114,0.16948194165465566,-0.9120991041182551,-0.8892610982881557,-0.0633298054003737,-0.11473685221690161,0.7
-0.04423379692272933,0.24562580943694023,-1.118926366255511,-1.1160650554139113,0.7377098276759536,-0.7559167434163759,-0.2829357277457567,-0.2569948416577144,0.728746422068316,-0.14748264891454088,0.24917930512955053,0.7941365243632534,1.25
-2.885949409684837,0.6409294597749068,1.4859240477857414,1.5071540762150561,1.7426003130515189,-0.02384589785155123,1.1927537548704739,0.5884927840145515,-0.8907167102957194,0.4398281329647201,0.5191233067457998,2.042545761238147,1.3
2.593762704688461,-0.3390181016745485,-0.07631992563643691,0.6105080547545408,2.2545035552548054,-0.10304420064888282,1.7978355756216517,-0.9702732886173145,-0.23694172961499366,-1.4027610801999109,-1.2519468014971993,-1.1810123513181874,1.7
-0.8638863902729301,0.5398564406812834,0.02430337302870981,0.7644463392109612,1.4369286462807018,-0.22703488156537602,0.8962668195011826,0.6037977340354209,0.7415266984476764,-0.389444361872875,0.238693241855863,0.30503011708244676,1.16
0.30893547671973937,2.0931571018885715,1.4994783531860711,-1.7659679578299805,-1.156363077934402,0.4560090757282081,-0.8507784862194879,-1.0210361607542335,-0.4114840314478046,-0.6137782154271044,-0.5002266446878153,0.2110483450046962,0.0
1.007514849311447,0.4507454426907979,0.0867295797213463,-0.5558166160342167,2.7893842944251253,0.13305850589819496,-0.5481986628884847,-1.3542174154677624,-1.8553180626830772,-0.44421402319549713,1.6836612773747492,-0.19316830861553563,1.76
0.5330387226557185,-1.7560221805633296,-0.10463358775909203,1.3100036041084298,-0.17635324295978896,1.7082071554729528,-0.20759170086903247,0.4908756823870547,0.7191197030028276,-0.006090587811564765,0.6356681912356946,-1.174961874111965,2.78
2.014962598807047,1.565000699272384,0.17288060368518596,0.6477985020938316,-0.6030425095980277,1.2832721382056191,1.1276987824897182,1.6405623736038557,-0.24138067912393,-0.21316859802574456,0.49063050184348495,0.9038235258074775,2.16
0.059091635563176,-0.5168817897034025,0.22359891696647202,0.20918479450253646,0.9443763650708935,0.3884296946642529,-0.38026502818786867,0.10125668531909025,-0.023780996857693807,-0.6364970812745327,-0.028004793682835736,-0.4290615400178158,1.56
-0.7043040585025053,0.09384709032111584,-0.22338847555002828,-0.8374794043846444,0.4919857750064604,1.432144092423239,1.263048628425213,0.6676964491659024,0.5504532307521971,-0.4140768408144729,0.8124605076443199,-1.227936121414099,1.19
0.4971556818829251,1.2857344912053934,0.45904947678928604,-1.4157132350999666,-0.233791892813218,1.2831513775072358,-0.028046620321134988,-0.8961797750074343,-1.34001381753205,-0.4280557394486941,-0.7497091440924961,0.9167354434530265,0.11
0.5991562050807898,-0.10874198625601343,-0.5354359173989552,-0.5871044624197022,-0.3145889102350976,0.5232824765853572,-1.4333986870347832,-0.9204957903170795,-0.9439456935948354,-1.6947910364805119,-1.6753371381430695,-0.7446708083854797,0.38
-3.62133122397666,0.8803228277876691,-2.216888495533028,-0.8248043001094778,0.6860763245980611,1.8648510473657491,-1.2613632103311045,-0.6754363807126211,0.10285173999592115,-0.2539842568871219,0.16916291266382397,-0.5884666845297069,0.42
-0.08677753931152521,-1.1253649481688923,0.37255405483543863,2.211195580078997,2.4823349960382854,-0.29396298890559325,1.2953345271724321,-0.3388322780648697,-1.1078407465675173,0.2571972174783707,0.99190194903914,-0.33488933952203914,2.53
0.6926700192319757,-2.726757873912724,1.6809683422732822,-0.7286728384775841,-0.4015173493795222,-0.37410495882167216,1.0277206579311495,-0.47351841460103233,0.4695282390709062,-0.7674258007410658,0.8229128061722896,0.6497745607138388,2.13
-0.09856449316400243,0.6726334516461827,0.04485276664885413,-0.9839103817725741,-0.0924069485556698,-0.6176039252665216,-0.43269100993274384,0.9916613041922646,-0.5049397489593114,-0.24139016450608766,0.4274961672103467,0.1679025276890002,1.35
-0.06298008397383231,2.8253581125786034,-0.5864049184397918,-0.7948067184549208,-1.1704038450065204,-0.004256174053778048,-0.41076898540170725,-0.466526351956123,-1.3323022544487086,0.07893814577388754,0.08106070494330657,-0.22204804530293437,-0.42
-0.8390130551472009,-0.27826560123584376,-0.6374893353758181,0.1369750969137392,-0.2386755312232999,-0.20355906212688707,0.10258888269920942,-0.16513169706095593,-1.8695817546449167,0.6998065322026619,1.4129119243138646,0.14153487299475784,1.6
2.0424665375728686,1.7783184879171323,-1.2350660350507958,-0.9716327403122959,0.1772895645301152,0.7058328863245714,1.1296947913767992,0.43506538658621857,-0.30198077582067473,-0.2008107745729343,0.23219458083912473,0.3463830201569848,0.8
3.514696573052821,1.0195057154836769,0.2125235320892102,-0.160358562123514,1.2496414489316208,0.4761903484010738,-0.5392947742572596,0.6129241567997279,-0.6142545867491455,-0.2741935710766142,1.0117111124368616,0.32613392008752945,1.58
0.7851046617785248,-0.06707322755581827,1.1165592911296145,-2.3541986916285187,1.7620617121689106,-0.26082859829420746,0.40538719397589734,-0.44019585413665413,0.1021834703982597,0.12205811036101163,0.48144528136334586,-0.27343174324207226,1.51
0.24687863520379383,1.0490365626002325,2.135122301518688,-0.9528544219085524,-0.6568912063089781,1.1403616607361513,0.06708548968124295,-0.026650707764882355,-0.17645677394205184,0.09283310315367706,1.7978604627312245,0.2910108196860804,1.46
3.0362530469888647,-1.2036730880860862,1.317911493445608,-0.7016149973943574,0.7974944183922621,-1.234341413968754,0.9943860720224363,-0.4800725651922459,-0.4277098457009064,0.7121253211273894,-0.8118975822656763,0.2604153535094327,1.38
-0.7263006008845391,0.9797536161404542,0.45045587943181253,0.9614780784709341,-0.27126322291724714,0.43073376993883483,0.3302346088182182,-1.3950726946218108,-0.7700038213188842,0.07810770104397996,0.8160455615452371,0.3512045820705545,0.94
0.36542021088001686,-1.9808883370940595,0.09356875997585071,-0.4603494406976543,-0.15316551302781425,-0.22171666846057755,-0.9858102938614174,0.18243923096513567,2.124864532389832,-0.2777609413630273,-0.37493150356398364,-0.04806981827008981,1.84
-3.220095135487446,-0.10097072134826533,1.6593838914844774,2.273805634862949,-3.015657297983579,1.6615975402488792,-1.208512278447819,-0.8454338905037526,-0.20478206148333342,-0.01672528177468889,-1.1424636921759532,-1.000495927486648,0.78
-2.086440467303373,1.4320321095340427,0.09863370137742294,-0.11577005808675828,-0.8154259225947479,-0.800370820168041,-0.375570119221686,0.46895278053919287,0.06231073683105547,1.5464975150053066,0.36058950243639065,-0.0010725722915587534,0.85
-0.38214672422294405,-0.2974148017517495,-0.04587610522086543,0.30126403721926126,0.3246464671044585,1.4284970569130644,-0.7372516506416451,-2.3805145603132307,0.2795032233091671,0.45008128967409944,1.1379397926927144,-0.034944730973938166,1.26
0.7658905916358956,1.2709554615525465,1.5469867820857166,0.9547380333731066,2.010324593014592,0.31719397918203635,0.32753500559613075,-0.17193787404350805,-0.41344896476327136,0.7676641051163174,-0.7510361557305022,0.755240312507702,0.96
0.42067534043223553,-0.565342531730217,1.2638747291232937,0.4904289524984071,2.6490254490236995,0.5299444068453742,1.1480200797819784,-0.7631997935150405,0.7412977925325398,0.3384870054780092,-1.0235687595563898,-0.15451374493884729,1.56
2.957275117198132,0.6322641764526329,-0.679333200142949,0.3820663001487444,-0.75486524507001,0.558227814956556,-0.2932582599523228,-0.0751356134958649,0.8632051701703127,-0.7360334825248646,-0.5367939753662113,0.22123530597555582,1.48
1.680762765321964,0.6771033486076848,0.009492600867447487,2.0131778293186646,-0.619819434489988,0.3243744264082262,1.001090817553379,1.9075689452089915,-1.997115504291223,0.41873808823885755,-0.8340230966879039,0.41813730026634127,1.42
0.8916275715024964,-1.197574568740744,0.6559179274620358,-0.60347103268459,-1.2137642016114445,-0.9090446425891596,1.514904040003076,-0.036678332836060645,-1.3025377428789207,-1.4662367463470936,-0.35503538345919067,-0.7606641857643264,1.19
-1.511603806934758,-1.411376788975449,0.3900451926953739,0.2176800060897224,0.5483275860533661,1.3442303993405411,0.5213512341936669,1.7114827546262366,0.949156157308063,-1.1304948617973,-1.1259094826258278,-0.6547408860567816,1.87
1.116851693845861,1.4647880255738062,-0.8818623076493131,0.5493888562990009,1.378116435146259,-1.7315549409962727,-1.4249029485904219,0.6303031040919439,-0.5796058549442322,1.112968597372935,-0.14572965513116481,-0.26138614929638376,1.58
-0.9955754185380972,-1.9367656472523445,-0.2329984372814194,0.43022734435902465,0.7129069523707837,1.3459510604406832,-0.5068565921134408,-0.7005065732691409,1.1350491528051185,0.22785082244685595,0.5159985285517844,-0.5508696479146677,1.49
-0.9654688437866832,-0.9240238522047604,-2.614345481585932,0.9049770831699503,-0.9247772538174954,-1.1467385777690968,-0.001579584239339456,0.531765094592403,-0.049841564826272625,1.0589993181075823,0.05239480674846022,-0.10251334074443136,1.91
-0.7662260084353962,1.959909515570237,0.9832103254654547,0.8788029036774494,-0.7426568087171743,-0.09538921203541169,-0.09533321364079522,-0.5182535364073239,-0.006278668371940349,0.8661155405607128,0.5604485126560004,-0.521830669329158,1.59
0.3665109489955437,0.6613419728585822,-1.7960479469045265,-3.515425088922493,-1.1764305202361538,0.7952228166673756,-0.49852610590290947,-1.62074228350129,0.025948787952801398,-0.44389352712237057,0.009060189787207965,0.8795099421143172,0.02
2.1928235539235152,0.8449541119951479,0.2693865960415043,-0.5520812148753192,-0.1887045377856146,-0.3941536910348452,-0.46418328408038656,-0.3934318256680035,0.02028537464753391,0.0839392990347897,1.01414748123996,-0.6091040126915718,1.29
1.387162516587645,0.8231658376958333,-1.5088704980091328,1.3695150023807303,0.7039559984369468,1.313032003988654,-0.19938475681478432,-1.0484862396823817,0.5175488416933375,0.26992342103046957,-0.6050144927856058,-0.34011829839361024,1.03
-0.17090011674806702,-0.3372536398351679,3.5298802562763885,1.6332202022295372,1.105222384162225,-2.1318836859536945,-0.3299987421825342,-1.044571186750392,-0.4345219250058327,0.22484955737511797,0.13547842328112505,-0.5950062737009236,2.17
1.9721658075956738,1.460825066613123,0.8695833899443882,-1.129365090497303,-0.589522084238206,-1.384891834682188,0.08415753539933163,-0.6401782177249024,-0.43202087350255036,-2.071072779791629,-1.2314880524637297,-0.7118163544932572,0.03
1.4109341331249026,-0.6889327649788164,-1.9954916698680085,1.1598340686489448,-1.1621559161120398,1.2347470939241787,0.28469641522202904,2.5108385772702406,0.3240931649561082,-0.5468083656921308,-0.7229376585298856,1.1384707783865953,1.94
-3.8890883703115815,-1.253756319163124,0.038101846223204776,-1.4689319012381077,2.2026250994994903,-0.6754823619459802,-0.9843363518409347,0.5271948838625774,-0.3631295067982669,-1.2139237182929798,-0.7982399123468208,-0.368916533366515,1.06
-0.19938046388690348,-2.1760496529208035,0.5705354432726832,-0.903329386108808,0.8431774212263505,-0.2758985992010224,-0.41438540644730115,0.1535449770304843,-0.20779878786828793,-1.2241163201568102,0.9278428059182413,0.850162934872927,1.83
1.193135119845202,-0.32732304611699986,-0.25710161594609293,-0.03347492788674708,1.5027405380988443,-0.42020855531448315,-0.1870764238973988,1.486514400160706,0.3850286115839376,-0.3393079928716969,0.5702054299137628,-0.41912337426724944,2.31
1.985925727253902,1.652976802327972,-0.23272159532516204,0.06828244409277184,-0.49808292101181684,-1.7704426266256978,-0.9943124848157112,-0.25783528230345054,0.4010906195441172,-0.36690245618056433,1.2560301342281195,-0.38544991227111797,1.55
1.7027723795914476,-0.7035548487258317,0.3843946851061577,0.02793616884533887,1.271187056182869,1.4587295156022095,0.3006331142323848,0.0143883119962664,0.20454473195019768,0.0068519436194486374,0.7266476538745534,0.23336193647812123,1.3
-0.3459131634300743,-0.16230890042719218,0.18374176052794974,0.1263933863437553,1.5151845041177654,-0.4169779380248201,0.9360333440287206,0.2524149273680083,-0.7052506012781247,-0.7908503239792699,0.6093544263423767,0.3671590386755373,1.73
-1.0523461986965446,-0.38158796891979385,-0.25526001604760556,-1.763893701581713,0.15255650364479814,-0.9489293966801661,-0.5076810402102616,2.2037228330456764,-1.2650567235299703,-0.11223180617010761,0.9199048508341849,0.24712822362560674,1.56
0.5421802173599736,-0.22196217352214836,0.07705006878395053,-0.3000489863556562,1.3889750674859604,-1.1754420728628883,-0.2903622411404285,-0.00874535588712206,-1.0502899000002495,0.3099677639692274,0.5602696487953114,-0.5246893046849732,1.51
-0.3676832024740981,-0.2913880956448537,-2.492428649481821,-1.0670754514149285,0.6924915667714635,-0.11941771539494105,-0.6228581120639011,0.44115104784964987,-0.30748929947957315,-0.07344193926273374,0.27902287768908024,-0.5441666018574626,1.07
2.6435823886726375,-2.3734793224400113,0.08100206258155541,1.0644560011082418,-0.0948828901901869,0.8794825044136442,-0.11480471007341377,0.3532849038758872,-0.14611097610140708,-0.3167161662072708,-0.4108583484310442,-0.5988504307854415,2.23
1.4724846964239557,0.22522618764350616,-0.3901733654988099,0.4838016840517401,-0.6437064653058562,0.23602520099175148,-0.17489119452533552,0.06789483918495963,-0.8150729358219957,-1.489271897969746,-0.46743749363922366,-0.274969803518709,1.44
0.7357871741660333,-0.7942421518718561,-0.15734526591348041,-0.41369969495475806,-0.4072907103618897,-1.1616480401403664,0.641391857547559,-0.33850342756634777,1.5158909755402477,-0.4694637404844784,0.0056646343110211776,0.8731081918117649,1.79
-1.3323506946738568,1.712457215937638,1.3166840864393674,2.5191253317363733,-0.09581669231256373,-1.2667054092193344,1.2444935185730268,-0.8735745916013984,0.401995075722007,0.23195375471255866,0.01862277350642715,0.5678759787404475,1.51
-1.3445627374357336,2.0232911221707237,0.6897412667244175,1.9246679918736382,0.1723650522917696,0.8813335971051512,-0.11053887311966361,0.2831965376437006,-0.6018590755445831,0.7339834449205346,-1.2284118797530732,0.06575829875471255,0.79
0.2783975987372382,1.5268518773497457,-2.1944576221500514,-1.0296627949802326,-1.3426540375697793,-1.335704127130245,0.6348002875553094,-1.5059828718581707,1.3122176994027828,0.5837929700043513,-0.2943395163798243,0.08383268037510173,0.95
1.0502381954320317,-0.8028367667106634,-0.5561455461216028,0.6870951083016122,-0.6963824583233719,0.302199876563175,-0.3606338017977383,-0.8069907754254173,1.29952029201246,0.48989245674353155,0.1324809968157947,-0.04177170125339013,2.06
-0.8270157514379111,-2.3868794111083225,-2.1082127058046196,1.4727989745130718,-2.609478847057867,-0.5868691300267641,-1.0525977328080836,-0.37362710403347327,-0.013225598399387885,-0.05006647967996131,0.8352371311281501,-0.3211125696737504,1.9
-0.34071967992793456,1.6035650644997965,0.2903897618043276,1.6569298515899415,0.4012099772697649,0.572331455241595,0.5184264279473382,-0.11621317609483674,-0.6332201052547333,0.19231274693787542,-1.0398793606761405,-0.08582202242652136,1.11
0.11510656893760501,2.2891852800527386,2.941763462569618,-0.1210958590861245,-2.2690754172623917,0.03010670385457197,0.31637326047152287,0.16392488535126123,-0.09253754897002067,-1.330023142761856,0.0011072112207660683,1.076496621820219,1.02
-3.22023667434136,-0.7346018301361406,-1.5946472585773186,0.15823932562392995,0.8880303705089668,-1.4612859990572014,-1.322569759502944,-0.5414011930680879,0.5568360272517158,1.5436605217023742,-0.3515063749496212,1.1620542283206594,1.02
-0.02580662394805257,0.6825496463238107,0.603104342371645,-0.48080126158265263,-1.1339875309478868,0.8600378765956028,0.4994768426727604,-1.522088935011716,1.5575303316261129,-0.49311639259408097,1.077742389744277,-0.15815233024723627,1.66
